,id_aeroporto,data,data_,effettoSulVolo,id_specie_volatile,id_gruppo,coinvolti,parti_colpite
0,7,2011-02-16 00:00:00,2011-02-16 12:00:00,Nessuno,38,8.0,1.0,
1,7,2011-03-11 00:00:00,2011-03-11 07:00:00,Nessuno,476,9.0,1.0,
2,7,2011-03-23 00:00:00,2011-03-22 21:55:00,,1,4.0,1.0,
3,7,2011-03-30 00:00:00,2011-03-30 09:30:00,,21,2.0,1.0,
4,7,2011-05-21 00:00:00,2011-05-21 18:30:00,,14,12.0,1.0,
5,7,2011-05-25 00:00:00,2011-05-25 13:05:00,,13,12.0,1.0,
6,7,2011-06-04 00:00:00,2011-06-04 05:45:00,,13,12.0,1.0,
7,7,2011-06-05 00:00:00,2011-06-05 12:00:00,,13,12.0,1.0,
8,7,2011-06-11 00:00:00,2011-06-11 06:10:00,,13,12.0,1.0,
9,7,2011-06-19 00:00:00,2011-06-19 06:00:00,,715,14.0,1.0,
10,7,2011-06-28 00:00:00,2011-06-28 19:40:00,,7,6.0,1.0,
11,7,2011-07-09 00:00:00,2011-07-09 09:30:00,,4,3.0,1.0,
13,7,2011-07-11 00:00:00,2011-07-11 08:20:00,Nessuno,14,12.0,1.0,
14,7,2011-07-20 00:00:00,2011-07-20 19:00:00,,7,6.0,1.0,
16,7,2011-07-30 00:00:00,2011-07-30 18:45:00,,3,3.0,3.0,
17,7,2011-08-03 00:00:00,2011-08-03 15:15:00,,7,6.0,1.0,
18,7,2011-08-05 00:00:00,2011-08-04 22:20:00,Nessuno,12,11.0,1.0,
19,7,2011-08-07 00:00:00,2011-08-07 06:05:00,,1444,16.0,1.0,
20,7,2011-08-13 00:00:00,2011-08-13 06:15:00,,3,3.0,1.0,
21,7,2011-09-05 00:00:00,2011-09-05 09:00:00,,14,12.0,1.0,
22,7,2011-11-09 00:00:00,2011-11-09 08:50:00,,34,4.0,1.0,
23,7,2011-11-15 00:00:00,2011-11-15 10:30:00,Nessuno,36,5.0,2.0,
24,7,2012-01-25 00:00:00,2012-01-25 15:02:00,,3,3.0,1.0,
25,7,2012-02-10 00:00:00,2012-02-10 08:09:00,,48,11.0,1.0,
26,7,2012-04-18 00:00:00,2012-04-18 07:23:00,,7,6.0,1.0,
27,7,2012-05-01 00:00:00,2012-05-01 07:15:00,Decollo abortito,11,13.0,1.0,
28,7,2012-05-24 00:00:00,2012-05-24 20:28:00,Nessuno,34,4.0,1.0,
29,7,2012-05-28 11:21:37,2012-05-28 11:21:37,,14,12.0,1.0,
30,7,2012-06-08 00:00:00,2012-06-08 20:30:00,,13,12.0,1.0,
31,7,2012-07-08 12:29:55,2012-07-08 12:29:55,,7,6.0,1.0,
32,7,2012-07-14 11:04:39,2012-07-14 11:04:39,,14,12.0,1.0,
33,7,2012-07-29 19:18:14,2012-07-29 19:18:14,,14,12.0,1.0,
34,7,2012-07-16 00:00:00,2012-07-16 19:15:00,,7,6.0,1.0,
35,7,2012-08-03 00:00:00,2012-08-03 19:36:00,,16,15.0,1.0,
36,7,2012-08-04 00:00:00,2012-08-04 14:25:00,,4,3.0,1.0,
37,7,2012-08-04 18:35:42,2012-08-04 18:35:42,,7,6.0,1.0,
38,7,2012-08-09 10:32:03,2012-08-09 10:32:03,,14,12.0,1.0,
39,7,2012-08-10 13:38:47,2012-08-10 13:38:47,,14,12.0,1.0,
40,7,2012-08-10 18:40:09,2012-08-10 18:40:09,,14,12.0,1.0,
41,7,2012-08-23 00:00:00,2012-08-23 10:30:00,Nessuno,14,12.0,1.0,
42,7,2012-08-25 18:44:29,2012-08-25 18:44:29,,14,12.0,1.0,
43,7,2012-08-29 07:54:35,2012-08-29 07:54:35,,7,6.0,1.0,
44,7,2012-08-30 10:07:46,2012-08-30 10:07:46,,14,12.0,1.0,
45,7,2012-09-01 08:59:38,2012-09-01 08:59:38,,14,12.0,1.0,
46,7,2012-09-02 00:00:00,2012-09-02 14:33:00,,14,12.0,1.0,
47,7,2012-09-03 00:00:00,2012-09-03 06:10:00,,31,17.0,1.0,
48,7,2012-09-04 00:00:00,2012-09-04 10:50:00,Nessuno,14,12.0,1.0,
49,7,2012-09-10 00:00:00,2012-09-10 16:30:00,,1440,10.0,1.0,
50,7,2012-09-17 00:00:00,2012-09-17 15:02:00,,7,6.0,1.0,
51,7,2012-09-26 11:35:01,2012-09-26 11:35:01,,7,6.0,1.0,
52,7,2012-09-27 00:00:00,2012-09-27 16:30:00,,2,7.0,1.0,
53,7,2012-09-28 00:00:00,2012-09-28 17:19:00,Nessuno,2,7.0,5.0,
54,7,2012-10-27 00:00:00,2012-10-27 10:34:00,Nessuno,38,8.0,1.0,
55,7,2012-11-28 00:00:00,2012-11-28 10:26:00,Nessuno,38,8.0,1.0,
56,7,2012-12-15 00:00:00,2012-12-15 09:45:00,Nessuno,38,8.0,2.0,
57,7,2012-02-27 00:00:00,2012-02-27 17:15:00,,443,15.0,1.0,
58,7,2012-04-20 00:00:00,2012-04-20 13:15:00,,7,6.0,1.0,
59,7,2013-01-23 00:00:00,2013-01-23 16:13:00,,1440,10.0,1.0,
60,7,2013-04-06 00:00:00,2013-04-06 13:40:00,,7,6.0,1.0,
61,7,2013-04-17 00:00:00,2013-04-17 17:20:00,,13,12.0,1.0,
62,7,2013-04-22 00:00:00,2013-04-22 19:00:00,,13,12.0,1.0,
63,7,2013-04-27 00:00:00,2013-04-27 09:15:00,,15,15.0,1.0,
64,7,2013-05-08 14:43:08,2013-05-08 14:43:08,,14,12.0,1.0,
65,7,2013-06-01 00:00:00,2013-06-01 19:33:00,,13,12.0,2.0,
66,7,2013-06-03 00:00:00,2013-06-03 17:28:00,,13,12.0,1.0,
67,7,2013-07-13 15:01:12,2013-07-13 15:01:12,,7,6.0,1.0,
68,7,2013-07-14 14:53:12,2013-07-14 14:53:12,,7,6.0,1.0,
69,7,2013-07-21 16:31:04,2013-07-21 16:31:04,,7,6.0,1.0,
70,7,2013-07-22 09:17:14,2013-07-22 09:17:14,,7,6.0,1.0,
71,7,2013-07-22 00:00:00,2013-07-22 19:13:00,Nessuno,14,12.0,1.0,
72,7,2013-07-27 17:47:12,2013-07-27 17:47:12,,7,6.0,1.0,
73,7,2013-08-05 13:55:05,2013-08-05 13:55:05,,13,12.0,1.0,
74,7,2013-08-09 00:00:00,2013-08-09 09:46:00,Nessuno,11,13.0,1.0,
75,7,2013-08-19 00:00:00,2013-08-19 08:16:00,Nessuno,7,6.0,1.0,
77,7,2013-09-05 00:00:00,2013-09-05 11:10:00,,7,6.0,1.0,
78,7,2013-09-10 00:00:00,2013-09-10 11:16:00,,30,11.0,1.0,
79,7,2013-09-11 00:00:00,2013-09-11 17:26:00,,7,6.0,1.0,
81,7,2013-09-19 00:00:00,2013-09-19 15:32:00,,1440,10.0,1.0,
82,7,2013-09-04 00:00:00,2013-09-04 17:42:00,,1440,10.0,1.0,
83,7,2013-10-01 00:00:00,2013-10-01 09:29:00,,36,5.0,1.0,
84,7,2013-10-04 00:00:00,2013-10-04 16:04:00,Nessuno,1453,7.0,1.0,
85,7,2013-10-24 00:00:00,2013-10-24 06:00:00,,31,17.0,1.0,
86,7,2014-01-29 08:45:46,2014-01-29 08:45:46,,23,5.0,1.0,
87,7,2014-01-31 10:59:27,2014-01-31 10:59:27,,23,5.0,1.0,
88,7,2014-04-07 00:00:00,2014-04-07 16:58:00,,1453,7.0,1.0,
89,7,2014-04-14 00:00:00,2014-04-14 05:50:00,,1447,16.0,1.0,
90,7,2014-05-03 00:00:00,2014-05-03 08:40:00,Nessuno,39,5.0,1.0,
91,7,2014-05-08 00:00:00,2014-05-08 07:43:00,Nessuno,2,7.0,1.0,
92,7,2014-05-21 00:00:00,2014-05-21 17:35:00,,7,6.0,1.0,
93,7,2014-05-25 00:00:00,2014-05-25 17:25:00,,7,6.0,1.0,
94,7,2014-05-30 00:00:00,2014-05-30 10:30:00,,13,12.0,1.0,
95,7,2014-06-17 00:00:00,2014-06-17 20:51:00,,13,12.0,1.0,
96,7,2014-06-19 00:00:00,2014-06-19 23:52:00,,25,13.0,1.0,
97,7,2014-07-09 17:38:16,2014-07-09 17:38:16,,7,6.0,1.0,
98,7,2014-07-29 16:37:43,2014-07-29 16:37:43,,14,12.0,1.0,
99,7,2014-07-30 10:25:05,2014-07-30 10:25:05,,2,7.0,2.0,
100,7,2014-08-10 00:00:00,2014-08-10 22:30:00,,48,11.0,1.0,
101,7,2014-08-18 00:00:00,2014-08-18 07:12:00,,23,5.0,1.0,
102,7,2014-09-04 11:09:05,2014-09-04 11:09:05,,7,6.0,1.0,
103,7,2014-09-08 11:46:43,2014-09-08 11:46:43,,23,5.0,1.0,
104,7,2014-09-11 09:03:06,2014-09-11 09:03:06,,38,8.0,1.0,
105,7,2014-09-17 00:00:00,2014-09-16 20:10:00,Nessuno,1440,10.0,1.0,
106,7,2014-09-17 18:23:34,2014-09-17 18:23:34,,7,6.0,1.0,
107,7,2014-09-19 14:48:17,2014-09-19 14:48:17,,7,6.0,1.0,
108,7,2014-10-01 00:00:00,2014-10-01 12:15:00,,38,8.0,1.0,
109,7,2014-11-06 00:00:00,2014-11-06 08:36:00,Atterraggio precauzionale,38,8.0,30.0,
110,7,2014-11-17 00:00:00,2014-11-17 12:21:00,,2,7.0,1.0,
111,7,2014-12-12 00:00:00,2014-12-12 12:57:00,,15,15.0,3.0,
112,7,2015-01-01 14:47:43,2015-01-01 14:47:43,,367,14.0,1.0,
113,7,2014-12-16 00:00:00,2014-12-16 12:30:00,,2,7.0,1.0,
114,7,2015-01-19 00:00:00,2015-01-10 10:30:00,,1447,16.0,1.0,
115,7,2015-01-26 14:47:21,2015-01-26 14:47:21,,7,6.0,1.0,
116,7,2015-01-27 14:47:35,2015-01-27 14:47:35,,23,5.0,1.0,
117,7,2015-02-03 00:00:00,2015-02-03 14:20:00,,7,6.0,1.0,
118,7,2015-02-09 17:00:19,2015-02-09 17:00:19,,23,5.0,1.0,
119,7,2015-02-22 00:00:00,2015-02-22 13:43:00,,38,8.0,3.0,
120,7,2015-02-27 00:00:00,2015-02-26 17:45:00,,7,6.0,1.0,
121,7,2015-03-02 00:00:00,2015-03-02 09:18:00,,38,8.0,1.0,
122,7,2015-03-09 07:38:04,2015-03-09 07:38:04,,38,8.0,1.0,
123,7,2015-03-26 10:40:16,2015-03-26 10:40:16,,38,8.0,1.0,
124,7,2015-05-17 12:46:53,2015-05-17 12:46:53,,13,12.0,1.0,
125,7,2015-06-05 05:57:57,2015-06-05 05:57:57,,23,5.0,1.0,
126,7,2015-06-07 09:42:16,2015-06-07 09:42:16,,13,12.0,1.0,
127,7,2015-06-13 20:49:22,2015-06-13 20:49:22,,13,12.0,1.0,
128,7,2015-06-14 18:47:35,2015-06-14 18:47:35,,7,6.0,1.0,
129,7,2015-06-17 14:33:40,2015-06-17 14:33:40,,7,6.0,1.0,
130,7,2015-07-01 00:00:00,2015-07-01 08:00:00,Nessuno,7,6.0,1.0,
131,7,2015-07-10 18:33:55,2015-07-10 18:33:55,,14,12.0,2.0,
132,7,2015-07-31 08:20:55,2015-07-31 08:20:55,,14,12.0,1.0,
133,7,2015-08-17 00:00:00,2015-08-17 15:30:00,,7,6.0,1.0,
134,7,2015-08-19 00:00:00,2015-08-19 12:47:00,,14,12.0,1.0,
135,7,2015-08-24 13:51:06,2015-08-24 13:51:06,,14,12.0,2.0,
136,7,2015-08-30 19:44:47,2015-08-30 19:44:47,,23,5.0,1.0,
137,7,2015-09-12 00:00:00,2015-09-12 14:46:00,,378,12.0,1.0,
139,7,2015-09-21 00:00:00,2015-09-21 11:41:00,,7,6.0,1.0,
140,7,2015-10-04 00:00:00,2015-10-04 09:09:00,,2,7.0,1.0,
141,7,2015-10-15 00:00:00,2015-10-15 16:50:00,,1453,7.0,1.0,
142,7,2015-10-18 10:26:41,2015-10-18 10:26:41,,7,6.0,1.0,
143,7,2015-10-22 00:00:00,2015-10-22 22:30:00,,31,17.0,1.0,
144,7,2015-12-02 00:00:00,2015-12-02 16:57:00,,38,8.0,1.0,
145,7,2015-12-12 00:00:00,2015-12-12 11:35:00,,1440,10.0,2.0,
146,7,2015-12-14 00:00:00,2015-12-14 08:22:00,,38,8.0,1.0,
147,7,2015-12-23 00:00:00,2015-12-23 10:31:00,,38,8.0,4.0,
148,7,2016-01-14 12:37:39,2016-01-14 12:37:39,,38,8.0,1.0,
149,7,2016-03-19 00:00:00,2016-03-19 16:16:00,,816,6.0,1.0,
150,7,2016-04-24 00:00:00,2016-04-24 10:26:00,,14,12.0,1.0,
151,7,2016-05-24 18:58:11,2016-05-24 18:58:11,,13,12.0,2.0,
152,7,2016-05-30 19:09:49,2016-05-30 19:09:49,,16,15.0,1.0,
153,7,2016-06-02 18:17:20,2016-06-02 18:17:20,,13,12.0,1.0,
154,7,2016-07-05 19:16:03,2016-07-05 19:16:03,,40,15.0,1.0,
155,7,2016-07-29 00:00:00,2016-07-29 17:47:00,,14,12.0,1.0,
156,7,2016-08-06 13:30:50,2016-08-06 13:30:50,,14,12.0,1.0,
157,7,2016-08-07 09:32:22,2016-08-07 09:32:22,,14,12.0,3.0,
158,7,2016-08-11 17:05:16,2016-08-11 17:05:16,,14,12.0,1.0,
159,7,2016-08-12 00:00:00,2016-08-12 12:23:00,,14,12.0,1.0,
160,7,2016-08-13 10:51:30,2016-08-13 10:51:30,,14,12.0,1.0,
161,7,2016-08-13 10:59:15,2016-08-13 10:59:15,,14,12.0,1.0,
162,7,2016-08-13 00:00:00,2016-08-13 11:01:00,,14,12.0,1.0,
163,7,2016-08-18 00:00:00,2016-08-18 18:19:00,,1301,14.0,4.0,
164,7,2016-08-22 14:54:45,2016-08-22 14:54:45,,14,12.0,1.0,
165,7,2016-08-28 00:00:00,2016-08-28 10:47:00,,14,12.0,1.0,
166,7,2016-08-06 00:00:00,2016-08-06 09:29:00,,14,12.0,3.0,
167,7,2016-09-07 00:00:00,2016-08-06 13:30:00,,14,12.0,1.0,
169,7,2016-09-11 07:01:13,2016-09-11 07:01:13,,7,6.0,1.0,
170,7,2016-09-18 15:09:47,2016-09-18 15:09:47,,7,6.0,1.0,
171,7,2016-10-06 00:00:00,2016-10-06 07:34:00,,40,15.0,1.0,
172,7,2016-10-19 15:50:21,2016-10-19 15:50:21,,7,6.0,1.0,
173,7,2016-12-27 11:50:05,2016-12-27 11:50:05,,766,14.0,1.0,
175,7,2016-08-11 00:00:00,2016-08-11 15:00:00,,14,12.0,1.0,
177,7,2016-08-22 00:00:00,2016-08-22 14:28:00,,14,12.0,1.0,
178,7,2017-03-15 17:39:13,2017-03-15 17:39:13,,40,15.0,1.0,
179,7,2017-04-20 00:00:00,2017-04-20 15:28:00,Nessuno,7,6.0,1.0,
180,7,2017-04-27 08:55:59,2017-04-27 08:55:59,,855,14.0,1.0,
181,7,2017-04-28 19:24:06,2017-04-28 19:24:06,,13,12.0,1.0,
182,7,2017-04-29 09:00:17,2017-04-29 09:00:17,,13,12.0,1.0,
183,7,2017-05-02 00:00:00,2017-05-02 12:32:00,,14,12.0,1.0,
185,7,2017-05-08 19:35:07,2017-05-08 19:35:07,,40,15.0,1.0,
186,7,2017-05-23 00:00:00,2017-05-23 17:50:00,,1440,10.0,1.0,
187,7,2017-06-06 07:35:04,2017-06-06 07:35:04,,14,12.0,1.0,
188,7,2017-06-19 00:00:00,2017-06-19 09:28:00,Nessuno,13,12.0,1.0,
189,7,2017-06-30 00:00:00,2017-06-30 09:40:00,,1121,13.0,1.0,
190,7,2017-07-04 12:00:16,2017-07-04 12:00:16,,7,6.0,1.0,
191,7,2017-07-12 08:17:15,2017-07-12 08:17:15,,14,12.0,1.0,
192,7,2017-07-16 14:36:46,2017-07-16 14:36:46,,14,12.0,1.0,
193,7,2017-07-20 00:00:00,2017-07-20 11:23:00,,5,3.0,1.0,
194,7,2017-07-26 00:00:00,2017-07-26 08:44:00,,1446,16.0,1.0,
195,7,2017-07-28 00:00:00,2017-07-28 16:38:00,Nessuno,14,12.0,1.0,
197,7,2017-07-31 00:00:00,2017-07-31 10:27:00,,14,12.0,7.0,
199,7,2017-08-02 00:00:00,2017-08-02 18:42:00,,14,12.0,1.0,
200,7,2017-08-03 00:00:00,2017-08-03 13:30:00,,14,12.0,1.0,
201,7,2017-08-03 16:48:52,2017-08-03 16:48:52,,14,12.0,1.0,
202,7,2017-08-04 00:00:00,2017-08-04 18:46:00,Nessuno,14,12.0,1.0,
203,7,2017-08-05 00:00:00,2017-08-05 11:10:00,Nessuno,14,12.0,1.0,
206,7,2017-08-06 00:00:00,2017-08-06 10:15:00,,14,12.0,1.0,
211,7,2017-08-07 00:00:00,2017-08-07 10:15:00,Nessuno,14,12.0,2.0,
213,7,2017-08-08 00:00:00,2017-08-08 16:15:00,,14,12.0,1.0,
214,7,2017-08-08 17:29:27,2017-08-08 17:29:27,,14,12.0,1.0,
216,7,2017-08-09 00:00:00,2017-08-09 11:13:00,,14,12.0,1.0,
221,7,2017-08-10 00:00:00,2017-08-10 18:42:00,,14,12.0,1.0,
222,7,2017-08-11 19:47:36,2017-08-11 19:47:36,,23,5.0,1.0,
223,7,2017-08-12 00:00:00,2017-08-12 08:46:00,,14,12.0,1.0,
226,7,2017-08-13 16:00:36,2017-08-13 16:00:36,,14,12.0,1.0,
227,7,2017-08-19 00:00:00,2017-08-19 15:53:00,,14,12.0,1.0,
228,7,2017-08-21 00:00:00,2017-08-21 09:36:00,Nessuno,14,12.0,1.0,
232,7,2017-08-22 00:00:00,2017-08-22 09:50:00,,14,12.0,1.0,
233,7,2017-08-23 00:00:00,2017-08-23 12:05:00,,14,12.0,1.0,
234,7,2017-09-01 11:54:13,2017-09-01 11:54:13,,5,3.0,1.0,
236,7,2017-09-04 00:00:00,2017-09-04 13:46:00,,14,12.0,1.0,
238,7,2017-09-09 19:03:47,2017-09-09 19:03:47,,7,6.0,1.0,
239,7,2017-09-10 00:00:00,2017-09-10 13:31:00,Nessuno,14,12.0,1.0,
241,7,2017-09-30 07:25:02,2017-09-30 07:25:02,,7,6.0,1.0,
242,7,2017-12-18 13:13:55,2017-12-18 13:13:55,,23,5.0,1.0,
243,7,2018-04-16 18:36:39,2018-04-16 18:36:39,,33,16.0,1.0,
244,7,2018-05-29 09:20:04,2018-05-29 09:20:04,,13,12.0,1.0,
245,7,2018-06-08 00:00:00,2018-06-08 10:29:00,,2,7.0,1.0,
247,7,2018-06-29 00:00:00,2018-06-29 08:37:00,,7,6.0,1.0,
248,7,2018-07-05 00:00:00,2018-07-05 14:35:00,,1440,10.0,1.0,
249,7,2018-07-21 00:00:00,2018-07-21 11:38:00,,7,6.0,1.0,
250,7,2018-07-29 12:29:16,2018-07-29 12:29:16,,7,6.0,1.0,
251,7,2018-08-03 07:38:41,2018-08-03 07:38:41,,1121,13.0,1.0,
252,7,2018-08-09 07:52:07,2018-08-09 07:52:07,,14,12.0,1.0,
253,7,2018-08-14 08:37:23,2018-08-14 08:37:23,,7,6.0,1.0,
254,7,2018-09-09 17:49:09,2018-09-09 17:49:09,,7,6.0,1.0,
255,7,2018-10-06 16:56:20,2018-10-06 16:56:20,,38,8.0,1.0,
256,7,2018-10-09 16:29:58,2018-10-09 16:29:58,,995,14.0,1.0,
257,7,2018-10-11 14:10:36,2018-10-11 14:10:36,,7,6.0,1.0,
258,7,2018-10-17 17:39:02,2018-10-17 17:39:02,,47,9.0,1.0,
259,7,2018-10-31 00:00:00,2018-10-31 08:02:00,,7,6.0,1.0,
260,7,2018-11-04 00:00:00,2018-11-03 18:45:00,,48,11.0,1.0,
261,7,2018-12-15 07:52:41,2018-12-15 07:52:41,,31,17.0,1.0,
262,7,2019-01-18 00:00:00,2019-01-18 11:00:00,,7,6.0,1.0,
263,7,2019-01-28 00:00:00,2019-01-28 08:36:00,,7,6.0,1.0,
264,7,2019-02-13 00:00:00,2019-02-13 13:39:00,,7,6.0,1.0,
265,7,2019-02-16 00:00:00,2019-02-16 10:41:00,,196,5.0,1.0,
266,7,2019-02-23 00:00:00,2019-02-23 07:45:00,,2,7.0,2.0,
267,7,2019-04-12 11:30:24,2019-04-12 11:30:24,,13,12.0,1.0,
268,7,2019-04-24 00:00:00,2019-04-24 07:43:00,,7,6.0,1.0,
269,7,2019-04-26 07:14:09,2019-04-26 07:14:09,,31,17.0,1.0,
270,7,2019-05-06 09:03:45,2019-05-06 09:03:45,,13,12.0,1.0,
271,7,2019-05-06 14:39:00,2019-05-06 14:39:00,,13,12.0,1.0,
272,7,2019-05-08 13:08:23,2019-05-08 13:08:23,,2,7.0,1.0,
273,7,2019-05-12 12:27:20,2019-05-12 12:27:20,,13,12.0,1.0,
3,7,2011-04-29 00:00:00,2011-04-29 23:30:00,Nessuno,12,11.0,1.0,Wing/Rotor
6,7,2011-06-30 00:00:00,2011-06-30 07:50:00,Atterraggio precauzionale,25,13.0,1.0,Nose
7,7,2011-06-27 00:00:00,2011-06-27 11:20:00,Nessuno,25,13.0,1.0,Radome
8,7,2011-07-15 00:00:00,2011-07-15 05:50:00,Nessuno,2,7.0,1.0,Engine 2
9,7,2011-07-05 00:00:00,2011-07-05 18:10:00,Nessuno,25,13.0,1.0,Nose
11,7,2011-09-12 00:00:00,2011-09-12 19:25:00,Nessuno,25,13.0,,Nose
12,7,2011-09-20 00:00:00,2011-09-20 20:10:00,Nessuno,25,13.0,1.0,Wing/Rotor
14,7,2011-10-23 00:00:00,2011-10-23 19:15:00,Nessuno,25,13.0,1.0,Nose
15,7,2011-10-29 00:00:00,2011-10-29 09:30:00,Nessuno,25,13.0,1.0,Wing/Rotor
16,7,2011-09-24 00:00:00,2011-09-24 19:45:00,Nessuno,25,13.0,1.0,Radome
17,7,2012-03-23 00:00:00,2012-03-23 21:43:00,Atterraggio precauzionale,25,13.0,,"Radome,Engine 1"
18,7,2012-04-23 00:00:00,2012-04-05 22:40:00,Nessuno,58,4.0,1.0,"Engine 1,Wing/Rotor,Landing Gear"
19,7,2012-04-21 00:00:00,2012-04-21 11:25:00,Nessuno,25,13.0,1.0,Wing/Rotor
22,7,2012-05-09 00:00:00,2012-04-26 12:00:00,Altro (specificare),14,12.0,1.0,Nose
24,7,2012-07-22 00:00:00,2012-07-22 11:02:00,Nessuno,14,12.0,1.0,Engine 1
28,7,2012-10-09 00:00:00,,Nessuno,7,6.0,1.0,Engine 2
30,7,2012-09-14 00:00:00,2012-09-14 20:02:00,Nessuno,25,13.0,1.0,Wing/Rotor
32,7,2012-10-22 00:00:00,2012-10-22 22:03:00,Nessuno,25,13.0,1.0,Engine 2
33,7,2012-11-09 00:00:00,2012-09-28 17:18:00,Nessuno,2,7.0,6.0,"Nose,Engine 1,Engine 2"
34,7,2012-11-11 00:00:00,2012-11-11 15:48:00,,25,13.0,1.0,"Radome,Engine 2"
37,7,2013-03-22 00:00:00,2013-03-22 11:31:00,Nessuno,25,13.0,1.0,Wing/Rotor
38,7,2013-04-28 00:00:00,2013-04-28 11:50:00,Nessuno,2,7.0,1.0,Engine 2
39,7,2013-07-13 00:00:00,2013-06-16 09:52:00,Nessuno,25,13.0,1.0,Nose
42,7,2013-08-13 00:00:00,2013-07-13 11:52:00,Nessuno,25,13.0,1.0,
45,7,2013-09-08 00:00:00,2013-08-07 19:27:00,Nessuno,14,12.0,1.0,Nose
47,7,2013-09-09 00:00:00,2013-08-20 07:20:00,Nessuno,25,13.0,1.0,
49,7,2013-09-18 00:00:00,2013-09-14 10:50:00,Atterraggio precauzionale,25,13.0,1.0,Engine 1
51,7,2013-09-23 00:00:00,2013-08-31 12:05:00,Nessuno,25,13.0,,Wing/Rotor
52,7,2013-09-22 00:00:00,2013-09-22 09:50:00,Nessuno,25,13.0,1.0,Wing/Rotor
54,7,2013-10-17 00:00:00,2013-10-17 18:00:00,Nessuno,25,13.0,1.0,Nose
56,7,2013-12-29 00:00:00,2013-12-29 16:15:00,,58,4.0,1.0,Landing Gear
59,7,2014-06-16 00:00:00,2014-05-21 20:02:00,Nessuno,25,13.0,1.0,Radome
60,7,2014-07-07 00:00:00,2014-07-07 19:42:00,Nessuno,25,13.0,1.0,Nose
61,7,2014-06-13 00:00:00,2014-06-13 17:15:00,Nessuno,1440,10.0,,
62,7,2014-08-25 00:00:00,2014-07-11 08:51:00,Nessuno,25,13.0,,
66,7,2014-09-27 00:00:00,2014-09-27 18:32:00,Nessuno,25,13.0,,Radome
67,7,2015-03-18 00:00:00,2015-03-14 20:56:00,Nessuno,25,13.0,1.0,Engine 2
68,7,2015-05-04 00:00:00,2015-04-22 05:05:00,Nessuno,25,13.0,1.0,Tail
70,7,2015-07-05 00:00:00,2015-07-05 06:17:00,Nessuno,14,12.0,1.0,Radome
71,7,2015-07-14 00:00:00,2015-07-14 09:00:00,Nessuno,25,13.0,1.0,Radome
72,7,2016-07-02 00:00:00,2016-07-02 11:42:00,Nessuno,14,12.0,1.0,Radome
75,7,2016-11-12 00:00:00,2016-11-12 05:10:00,Nessuno,25,13.0,1.0,Engine 2
89,7,2017-10-12 00:00:00,2017-09-17 07:51:00,Nessuno,1440,10.0,,
90,7,2017-10-18 00:00:00,2017-08-06 12:29:00,Nessuno,14,12.0,,Windshield
91,7,2017-10-20 00:00:00,2017-08-08 14:10:00,Nessuno,14,12.0,1.0,Other
92,7,2017-10-23 00:00:00,2017-08-23 09:47:00,Nessuno,13,12.0,1.0,Wing
94,7,2017-10-26 00:00:00,2017-09-05 12:40:00,Nessuno,14,12.0,1.0,Fuselage
95,7,2018-01-25 00:00:00,2017-12-09 08:25:00,Nessuno,16,15.0,1.0,Radome
1,7,2011-06-12 00:00:00,2011-06-12 16:40:00,,1440,10.0,1.0,Nose
13,7,2013-08-08 00:00:00,2013-08-08 14:20:00,,25,13.0,1.0,Engine 2
22,7,2014-11-04 00:00:00,2014-11-04 15:00:00,,25,13.0,1.0,Wing/Rotor
23,7,2014-08-28 00:00:00,2014-08-28 13:10:00,,25,13.0,1.0,Engine 2
31,7,2017-12-10 00:00:00,2017-11-11 10:47:00,,2,7.0,1.0,Wing
5,7,2011-07-10 00:00:00,2011-07-10 10:05:00,,2,7.0,1.0,Fuselage
7,7,2011-08-04 00:00:00,2011-08-04 22:20:00,,48,11.0,1.0,
8,7,2011-08-20 00:00:00,2011-08-20 23:00:00,,25,13.0,1.0,Windshield
11,7,2012-08-22 00:00:00,2012-08-09 10:12:00,,25,13.0,1.0,Nose
20,7,2013-01-13 00:00:00,2013-01-13 10:53:00,,25,13.0,1.0,Wing/Rotor
22,7,2013-04-16 00:00:00,2013-04-16 10:54:00,,14,12.0,,Windshield
23,7,2013-06-05 00:00:00,2013-05-02 17:35:00,,25,13.0,,"Engine 1,Propeller,Fuselage"
31,7,2013-08-11 00:00:00,2013-08-11 11:01:00,,14,12.0,,
35,7,2014-03-20 00:00:00,2014-03-20 09:27:00,,25,13.0,1.0,Nose
36,7,2014-04-25 00:00:00,2014-04-25 12:10:00,Nessuno,14,12.0,1.0,Nose
54,7,2015-09-17 00:00:00,2015-07-08 22:20:00,,25,13.0,1.0,
55,7,2015-07-12 00:00:00,2015-07-12 06:39:00,,25,13.0,,Tail
70,7,2016-08-07 00:00:00,2016-08-07 13:18:00,,14,12.0,1.0,Nose
72,7,2016-09-18 00:00:00,2016-09-18 14:50:00,,38,8.0,1.0,Engine 1
86,7,2017-06-15 00:00:00,2017-05-04 09:24:00,,39,5.0,1.0,
94,7,2017-08-01 00:00:00,2017-06-14 19:15:00,,13,12.0,1.0,Windshield
128,7,2017-09-06 00:00:00,2017-08-04 09:40:00,,14,12.0,1.0,Engine 1
129,7,2017-09-08 00:00:00,2017-08-10 11:39:00,,14,12.0,1.0,
141,7,2018-07-02 00:00:00,2018-06-04 18:45:00,,38,8.0,1.0,Wing
148,7,2019-05-07 00:00:00,2019-01-11 10:05:00,,7,6.0,,Fuselage
